user_id,token,account_id
10011,eyJhbGciOiJIUzUxMiIsInppcCI6IkdaSVAifQ.H4sIAAAAAAAAAKtWKi5NUrJSMjQwMDRU0lFKrShQsjI0MzUwtDQ1MjCpBQCA5MlAIAAAAA.bSTLeT0GipVL6D08qD1VVckphmbx1Z2dr1pZPmtfMbQitlw-_MuxCCRgds0Qp-iD0nqCPa7F0NG1OpihfSUjaw,10011
10012,eyJhbGciOiJIUzUxMiIsInppcCI6IkdaSVAifQ.H4sIAAAAAAAAAKtWKi5NUrJSMjQwMDRS0lFKrShQsjI0MzUwtDQ1MjCpBQBKqWDvIAAAAA.qb-vWnEuX1YAoil6dgvrtsFMQwf5UQG9LhO5WKHsvFyrsHoVZd7_93UvHUWRUuiugZNvd2hXjgHeORg-sj_f6g,10012
10013,eyJhbGciOiJIUzUxMiIsInppcCI6IkdaSVAifQ.H4sIAAAAAAAAAKtWKi5NUrJSMjQwMDRW0lFKrShQsjI0MzUwtDQ1MjCtBQBNoxyTIAAAAA.Kl34OetpDt08gI_OIhdFh31eo9U6cwH2iKyWtAX9ubAtH7XJb66zxYii4pofwgyRYz1m22e3v4bKBh5FIkQ-zQ,10013
10014,eyJhbGciOiJIUzUxMiIsInppcCI6IkdaSVAifQ.H4sIAAAAAAAAAKtWKi5NUrJSMjQwMDRR0lFKrShQsjI0MzUwtDQ1MjCtBQDeBVhyIAAAAA.nbrfbJhu6XL641uz9XxEz_nfP8WslZGDZMnSxI13D1LoTcqeDBHGKmD3kmIGwPj8H-8UugNH4ujclKMZT56NqA,10014
10015,eyJhbGciOiJIUzUxMiIsInppcCI6IkdaSVAifQ.H4sIAAAAAAAAAKtWKi5NUrJSMjQwMDRV0lFKrShQsjI0MzUwtDQ1MjCrBQBbbRI8IAAAAA.c7-reiYCAvaijvFpfIVH2OezGeCpt6KRlyGKT0WOiDTinzD6uzp0nH2EUNUi8fKhwfzrxOhQp9Xiptz5eNkFbg,10015
10016,eyJhbGciOiJIUzUxMiIsInppcCI6IkdaSVAifQ.H4sIAAAAAAAAAKtWKi5NUrJSMjQwMDRT0lFKrShQsjI0MzUwtDQ1MjCvBQDQEaCKIAAAAA.zuO7YCfRAqKczLpKQrOj96CljDQ5y3QbGK6LXpX6gsoGGYDTaeQNIRr58aocpSX8sWVcl4cbsSkrhwzGpna8ZA,10016
10017,eyJhbGciOiJIUzUxMiIsInppcCI6IkdaSVAifQ.H4sIAAAAAAAAAKtWKi5NUrJSMjQwMDRX0lFKrShQsjI0MzUwtDQ1MjCvBQCWKsfvIAAAAA.kVhrPofVHmfzeeagd8TGnDjW2er6yScnQ-Z5vT81kyCOzPMltJq2vt2cBQRjL7wNX8CK0W2XbHmB8iaz9VHhtQ,10017
10018,eyJhbGciOiJIUzUxMiIsInppcCI6IkdaSVAifQ.H4sIAAAAAAAAAKtWKi5NUrJSMjQwMLRQ0lFKrShQsjI0MzUwtDQ1MrCoBQB4RsAUIAAAAA.DUFGeFiaiQsZtlQvzccVNKFCEMwspuodY3gspVEqN11gEtK4QgNqP8oMqyP9GkvxC_f2I57pKdPHwn_3e20gmg,10018
10019,eyJhbGciOiJIUzUxMiIsInppcCI6IkdaSVAifQ.H4sIAAAAAAAAAKtWKi5NUrJSMjQwMLRU0lFKrShQsjI0MwXyTI0MLGoBPn2ncSAAAAA.eBkQNYcZxM1_-lIirPhQPaHCqOM96LVyLwlFc-tKJCUqvCovQLyKpnQPMh-GcFQRBIwg8GUjx4GzCca5F6DZRg,10019
10020,eyJhbGciOiJIUzUxMiIsInppcCI6IkdaSVAifQ.H4sIAAAAAAAAAKtWKi5NUrJSMjQwMDJQ0lFKrShQsjI0MzUwtDQ1MrCsBQBoIx7rIAAAAA.fJovk0oohynpNfisfAlKBE3xRa5Bo02Fjq-v2QxpxdS-PFD4jy4KzJdjz4ZfzhwfRtTwTK-_RqCvdW4R1S2AhQ,10020
